crop,market,district,modal_price,date
onion,Lasalgaon,Nashik,2171,2026-05-25
onion,Lasalgaon,Nashik,2131,2026-05-26
onion,Lasalgaon,Nashik,2123,2026-05-27
onion,Lasalgaon,Nashik,2111,2026-05-28
onion,Lasalgaon,Nashik,2096,2026-05-29
onion,Lasalgaon,Nashik,2070,2026-05-30
onion,Lasalgaon,Nashik,2040,2026-05-31
onion,Lasalgaon,Nashik,2066,2026-06-01
onion,Lasalgaon,Nashik,2034,2026-06-02
onion,Lasalgaon,Nashik,2066,2026-06-03
onion,Lasalgaon,Nashik,2077,2026-06-04
onion,Lasalgaon,Nashik,2038,2026-06-05
onion,Lasalgaon,Nashik,1998,2026-06-06
onion,Lasalgaon,Nashik,1966,2026-06-07
onion,Lasalgaon,Nashik,1950,2026-06-08
onion,Lasalgaon,Nashik,1936,2026-06-09
onion,Lasalgaon,Nashik,1957,2026-06-10
onion,Lasalgaon,Nashik,1991,2026-06-11
onion,Lasalgaon,Nashik,1951,2026-06-12
onion,Lasalgaon,Nashik,1979,2026-06-13
onion,Lasalgaon,Nashik,1961,2026-06-14
onion,Lasalgaon,Nashik,1987,2026-06-15
onion,Lasalgaon,Nashik,1997,2026-06-16
onion,Lasalgaon,Nashik,1982,2026-06-17
onion,Lasalgaon,Nashik,1996,2026-06-18
onion,Lasalgaon,Nashik,2028,2026-06-19
onion,Lasalgaon,Nashik,2020,2026-06-20
onion,Lasalgaon,Nashik,1988,2026-06-21
onion,Lasalgaon,Nashik,1976,2026-06-22
onion,Lasalgaon,Nashik,1998,2026-06-23
onion,Lasalgaon,Nashik,2009,2026-06-24
onion,Lasalgaon,Nashik,2012,2026-06-25
onion,Lasalgaon,Nashik,1999,2026-06-26
onion,Lasalgaon,Nashik,1994,2026-06-27
onion,Lasalgaon,Nashik,2005,2026-06-28
onion,Lasalgaon,Nashik,1986,2026-06-29
onion,Lasalgaon,Nashik,1965,2026-06-30
onion,Lasalgaon,Nashik,1981,2026-07-01
onion,Lasalgaon,Nashik,1961,2026-07-02
onion,Lasalgaon,Nashik,1974,2026-07-03
onion,Lasalgaon,Nashik,1986,2026-07-04
onion,Lasalgaon,Nashik,2031,2026-07-05
onion,Lasalgaon,Nashik,2032,2026-07-06
onion,Lasalgaon,Nashik,2005,2026-07-07
onion,Lasalgaon,Nashik,2031,2026-07-08
onion,Lasalgaon,Nashik,2067,2026-07-09
onion,Lasalgaon,Nashik,2050,2026-07-10
onion,Lasalgaon,Nashik,2066,2026-07-11
onion,Lasalgaon,Nashik,2044,2026-07-12
onion,Lasalgaon,Nashik,2082,2026-07-13
onion,Lasalgaon,Nashik,2087,2026-07-14
onion,Lasalgaon,Nashik,2135,2026-07-15
onion,Lasalgaon,Nashik,2182,2026-07-16
onion,Lasalgaon,Nashik,2196,2026-07-17
onion,Lasalgaon,Nashik,2237,2026-07-18
onion,Lasalgaon,Nashik,2229,2026-07-19
onion,Lasalgaon,Nashik,2205,2026-07-20
onion,Lasalgaon,Nashik,2178,2026-07-21
onion,Lasalgaon,Nashik,2175,2026-07-22
onion,Lasalgaon,Nashik,2180,2026-07-23
onion,Lasalgaon,Nashik,2158,2026-07-24
onion,Lasalgaon,Nashik,2155,2026-07-25
onion,Lasalgaon,Nashik,2135,2026-07-26
onion,Lasalgaon,Nashik,2141,2026-07-27
onion,Lasalgaon,Nashik,2134,2026-07-28
onion,Lasalgaon,Nashik,2150,2026-07-29
onion,Lasalgaon,Nashik,2154,2026-07-30
onion,Lasalgaon,Nashik,2132,2026-07-31
onion,Lasalgaon,Nashik,2137,2026-08-01
onion,Lasalgaon,Nashik,2140,2026-08-02
onion,Lasalgaon,Nashik,2124,2026-08-03
onion,Lasalgaon,Nashik,2116,2026-08-04
onion,Lasalgaon,Nashik,2083,2026-08-05
onion,Lasalgaon,Nashik,2118,2026-08-06
onion,Lasalgaon,Nashik,2097,2026-08-07
onion,Lasalgaon,Nashik,2123,2026-08-08
onion,Lasalgaon,Nashik,2112,2026-08-09
onion,Lasalgaon,Nashik,2090,2026-08-10
onion,Lasalgaon,Nashik,2107,2026-08-11
onion,Lasalgaon,Nashik,2113,2026-08-12
onion,Lasalgaon,Nashik,2105,2026-08-13
onion,Lasalgaon,Nashik,2134,2026-08-14
onion,Lasalgaon,Nashik,2120,2026-08-15
onion,Lasalgaon,Nashik,2119,2026-08-16
onion,Lasalgaon,Nashik,2084,2026-08-17
onion,Lasalgaon,Nashik,2071,2026-08-18
onion,Lasalgaon,Nashik,2033,2026-08-19
onion,Lasalgaon,Nashik,2031,2026-08-20
onion,Lasalgaon,Nashik,2040,2026-08-21
onion,Lasalgaon,Nashik,2032,2026-08-22
onion,Pune Market Yard,Pune,2165,2026-05-25
onion,Pune Market Yard,Pune,2149,2026-05-26
onion,Pune Market Yard,Pune,2178,2026-05-27
onion,Pune Market Yard,Pune,2175,2026-05-28
onion,Pune Market Yard,Pune,2159,2026-05-29
onion,Pune Market Yard,Pune,2179,2026-05-30
onion,Pune Market Yard,Pune,2186,2026-05-31
onion,Pune Market Yard,Pune,2201,2026-06-01
onion,Pune Market Yard,Pune,2176,2026-06-02
onion,Pune Market Yard,Pune,2166,2026-06-03
onion,Pune Market Yard,Pune,2140,2026-06-04
onion,Pune Market Yard,Pune,2128,2026-06-05
onion,Pune Market Yard,Pune,2156,2026-06-06
onion,Pune Market Yard,Pune,2181,2026-06-07
onion,Pune Market Yard,Pune,2171,2026-06-08
onion,Pune Market Yard,Pune,2202,2026-06-09
onion,Pune Market Yard,Pune,2213,2026-06-10
onion,Pune Market Yard,Pune,2244,2026-06-11
onion,Pune Market Yard,Pune,2252,2026-06-12
onion,Pune Market Yard,Pune,2255,2026-06-13
onion,Pune Market Yard,Pune,2240,2026-06-14
onion,Pune Market Yard,Pune,2214,2026-06-15
onion,Pune Market Yard,Pune,2236,2026-06-16
onion,Pune Market Yard,Pune,2256,2026-06-17
onion,Pune Market Yard,Pune,2224,2026-06-18
onion,Pune Market Yard,Pune,2187,2026-06-19
onion,Pune Market Yard,Pune,2158,2026-06-20
onion,Pune Market Yard,Pune,2145,2026-06-21
onion,Pune Market Yard,Pune,2193,2026-06-22
onion,Pune Market Yard,Pune,2181,2026-06-23
onion,Pune Market Yard,Pune,2203,2026-06-24
onion,Pune Market Yard,Pune,2247,2026-06-25
onion,Pune Market Yard,Pune,2223,2026-06-26
onion,Pune Market Yard,Pune,2240,2026-06-27
onion,Pune Market Yard,Pune,2256,2026-06-28
onion,Pune Market Yard,Pune,2300,2026-06-29
onion,Pune Market Yard,Pune,2327,2026-06-30
onion,Pune Market Yard,Pune,2362,2026-07-01
onion,Pune Market Yard,Pune,2362,2026-07-02
onion,Pune Market Yard,Pune,2400,2026-07-03
onion,Pune Market Yard,Pune,2369,2026-07-04
onion,Pune Market Yard,Pune,2351,2026-07-05
onion,Pune Market Yard,Pune,2387,2026-07-06
onion,Pune Market Yard,Pune,2389,2026-07-07
onion,Pune Market Yard,Pune,2400,2026-07-08
onion,Pune Market Yard,Pune,2382,2026-07-09
onion,Pune Market Yard,Pune,2387,2026-07-10
onion,Pune Market Yard,Pune,2410,2026-07-11
onion,Pune Market Yard,Pune,2398,2026-07-12
onion,Pune Market Yard,Pune,2424,2026-07-13
onion,Pune Market Yard,Pune,2392,2026-07-14
onion,Pune Market Yard,Pune,2393,2026-07-15
onion,Pune Market Yard,Pune,2425,2026-07-16
onion,Pune Market Yard,Pune,2415,2026-07-17
onion,Pune Market Yard,Pune,2447,2026-07-18
onion,Pune Market Yard,Pune,2428,2026-07-19
onion,Pune Market Yard,Pune,2476,2026-07-20
onion,Pune Market Yard,Pune,2482,2026-07-21
onion,Pune Market Yard,Pune,2514,2026-07-22
onion,Pune Market Yard,Pune,2559,2026-07-23
onion,Pune Market Yard,Pune,2552,2026-07-24
onion,Pune Market Yard,Pune,2539,2026-07-25
onion,Pune Market Yard,Pune,2554,2026-07-26
onion,Pune Market Yard,Pune,2532,2026-07-27
onion,Pune Market Yard,Pune,2559,2026-07-28
onion,Pune Market Yard,Pune,2584,2026-07-29
onion,Pune Market Yard,Pune,2542,2026-07-30
onion,Pune Market Yard,Pune,2576,2026-07-31
onion,Pune Market Yard,Pune,2575,2026-08-01
onion,Pune Market Yard,Pune,2595,2026-08-02
onion,Pune Market Yard,Pune,2555,2026-08-03
onion,Pune Market Yard,Pune,2527,2026-08-04
onion,Pune Market Yard,Pune,2531,2026-08-05
onion,Pune Market Yard,Pune,2528,2026-08-06
onion,Pune Market Yard,Pune,2516,2026-08-07
onion,Pune Market Yard,Pune,2481,2026-08-08
onion,Pune Market Yard,Pune,2469,2026-08-09
onion,Pune Market Yard,Pune,2499,2026-08-10
onion,Pune Market Yard,Pune,2467,2026-08-11
onion,Pune Market Yard,Pune,2435,2026-08-12
onion,Pune Market Yard,Pune,2455,2026-08-13
onion,Pune Market Yard,Pune,2421,2026-08-14
onion,Pune Market Yard,Pune,2447,2026-08-15
onion,Pune Market Yard,Pune,2421,2026-08-16
onion,Pune Market Yard,Pune,2395,2026-08-17
onion,Pune Market Yard,Pune,2413,2026-08-18
onion,Pune Market Yard,Pune,2441,2026-08-19
onion,Pune Market Yard,Pune,2420,2026-08-20
onion,Pune Market Yard,Pune,2411,2026-08-21
onion,Pune Market Yard,Pune,2436,2026-08-22
tomato,Nashik APMC,Nashik,1534,2026-05-25
tomato,Nashik APMC,Nashik,1545,2026-05-26
tomato,Nashik APMC,Nashik,1529,2026-05-27
tomato,Nashik APMC,Nashik,1555,2026-05-28
tomato,Nashik APMC,Nashik,1537,2026-05-29
tomato,Nashik APMC,Nashik,1533,2026-05-30
tomato,Nashik APMC,Nashik,1541,2026-05-31
tomato,Nashik APMC,Nashik,1545,2026-06-01
tomato,Nashik APMC,Nashik,1558,2026-06-02
tomato,Nashik APMC,Nashik,1581,2026-06-03
tomato,Nashik APMC,Nashik,1595,2026-06-04
tomato,Nashik APMC,Nashik,1567,2026-06-05
tomato,Nashik APMC,Nashik,1555,2026-06-06
tomato,Nashik APMC,Nashik,1540,2026-06-07
tomato,Nashik APMC,Nashik,1505,2026-06-08
tomato,Nashik APMC,Nashik,1505,2026-06-09
tomato,Nashik APMC,Nashik,1464,2026-06-10
tomato,Nashik APMC,Nashik,1496,2026-06-11
tomato,Nashik APMC,Nashik,1523,2026-06-12
tomato,Nashik APMC,Nashik,1509,2026-06-13
tomato,Nashik APMC,Nashik,1541,2026-06-14
tomato,Nashik APMC,Nashik,1526,2026-06-15
tomato,Nashik APMC,Nashik,1483,2026-06-16
tomato,Nashik APMC,Nashik,1449,2026-06-17
tomato,Nashik APMC,Nashik,1486,2026-06-18
tomato,Nashik APMC,Nashik,1450,2026-06-19
tomato,Nashik APMC,Nashik,1436,2026-06-20
tomato,Nashik APMC,Nashik,1412,2026-06-21
tomato,Nashik APMC,Nashik,1384,2026-06-22
tomato,Nashik APMC,Nashik,1394,2026-06-23
tomato,Nashik APMC,Nashik,1371,2026-06-24
tomato,Nashik APMC,Nashik,1404,2026-06-25
tomato,Nashik APMC,Nashik,1402,2026-06-26
tomato,Nashik APMC,Nashik,1405,2026-06-27
tomato,Nashik APMC,Nashik,1435,2026-06-28
tomato,Nashik APMC,Nashik,1430,2026-06-29
tomato,Nashik APMC,Nashik,1467,2026-06-30
tomato,Nashik APMC,Nashik,1451,2026-07-01
tomato,Nashik APMC,Nashik,1492,2026-07-02
tomato,Nashik APMC,Nashik,1533,2026-07-03
tomato,Nashik APMC,Nashik,1561,2026-07-04
tomato,Nashik APMC,Nashik,1560,2026-07-05
tomato,Nashik APMC,Nashik,1588,2026-07-06
tomato,Nashik APMC,Nashik,1608,2026-07-07
tomato,Nashik APMC,Nashik,1600,2026-07-08
tomato,Nashik APMC,Nashik,1580,2026-07-09
tomato,Nashik APMC,Nashik,1560,2026-07-10
tomato,Nashik APMC,Nashik,1583,2026-07-11
tomato,Nashik APMC,Nashik,1596,2026-07-12
tomato,Nashik APMC,Nashik,1618,2026-07-13
tomato,Nashik APMC,Nashik,1638,2026-07-14
tomato,Nashik APMC,Nashik,1665,2026-07-15
tomato,Nashik APMC,Nashik,1639,2026-07-16
tomato,Nashik APMC,Nashik,1619,2026-07-17
tomato,Nashik APMC,Nashik,1594,2026-07-18
tomato,Nashik APMC,Nashik,1613,2026-07-19
tomato,Nashik APMC,Nashik,1624,2026-07-20
tomato,Nashik APMC,Nashik,1605,2026-07-21
tomato,Nashik APMC,Nashik,1604,2026-07-22
tomato,Nashik APMC,Nashik,1596,2026-07-23
tomato,Nashik APMC,Nashik,1588,2026-07-24
tomato,Nashik APMC,Nashik,1624,2026-07-25
tomato,Nashik APMC,Nashik,1649,2026-07-26
tomato,Nashik APMC,Nashik,1624,2026-07-27
tomato,Nashik APMC,Nashik,1636,2026-07-28
tomato,Nashik APMC,Nashik,1617,2026-07-29
tomato,Nashik APMC,Nashik,1610,2026-07-30
tomato,Nashik APMC,Nashik,1627,2026-07-31
tomato,Nashik APMC,Nashik,1616,2026-08-01
tomato,Nashik APMC,Nashik,1583,2026-08-02
tomato,Nashik APMC,Nashik,1597,2026-08-03
tomato,Nashik APMC,Nashik,1625,2026-08-04
tomato,Nashik APMC,Nashik,1595,2026-08-05
tomato,Nashik APMC,Nashik,1559,2026-08-06
tomato,Nashik APMC,Nashik,1586,2026-08-07
tomato,Nashik APMC,Nashik,1545,2026-08-08
tomato,Nashik APMC,Nashik,1514,2026-08-09
tomato,Nashik APMC,Nashik,1502,2026-08-10
tomato,Nashik APMC,Nashik,1481,2026-08-11
tomato,Nashik APMC,Nashik,1491,2026-08-12
tomato,Nashik APMC,Nashik,1511,2026-08-13
tomato,Nashik APMC,Nashik,1530,2026-08-14
tomato,Nashik APMC,Nashik,1515,2026-08-15
tomato,Nashik APMC,Nashik,1524,2026-08-16
tomato,Nashik APMC,Nashik,1489,2026-08-17
tomato,Nashik APMC,Nashik,1468,2026-08-18
tomato,Nashik APMC,Nashik,1474,2026-08-19
tomato,Nashik APMC,Nashik,1432,2026-08-20
tomato,Nashik APMC,Nashik,1439,2026-08-21
tomato,Nashik APMC,Nashik,1430,2026-08-22
tomato,Pune Market Yard,Pune,1515,2026-05-25
tomato,Pune Market Yard,Pune,1508,2026-05-26
tomato,Pune Market Yard,Pune,1519,2026-05-27
tomato,Pune Market Yard,Pune,1547,2026-05-28
tomato,Pune Market Yard,Pune,1566,2026-05-29
tomato,Pune Market Yard,Pune,1542,2026-05-30
tomato,Pune Market Yard,Pune,1523,2026-05-31
tomato,Pune Market Yard,Pune,1517,2026-06-01
tomato,Pune Market Yard,Pune,1501,2026-06-02
tomato,Pune Market Yard,Pune,1465,2026-06-03
tomato,Pune Market Yard,Pune,1496,2026-06-04
tomato,Pune Market Yard,Pune,1522,2026-06-05
tomato,Pune Market Yard,Pune,1486,2026-06-06
tomato,Pune Market Yard,Pune,1483,2026-06-07
tomato,Pune Market Yard,Pune,1447,2026-06-08
tomato,Pune Market Yard,Pune,1410,2026-06-09
tomato,Pune Market Yard,Pune,1441,2026-06-10
tomato,Pune Market Yard,Pune,1459,2026-06-11
tomato,Pune Market Yard,Pune,1480,2026-06-12
tomato,Pune Market Yard,Pune,1504,2026-06-13
tomato,Pune Market Yard,Pune,1481,2026-06-14
tomato,Pune Market Yard,Pune,1445,2026-06-15
tomato,Pune Market Yard,Pune,1467,2026-06-16
tomato,Pune Market Yard,Pune,1434,2026-06-17
tomato,Pune Market Yard,Pune,1414,2026-06-18
tomato,Pune Market Yard,Pune,1379,2026-06-19
tomato,Pune Market Yard,Pune,1412,2026-06-20
tomato,Pune Market Yard,Pune,1388,2026-06-21
tomato,Pune Market Yard,Pune,1386,2026-06-22
tomato,Pune Market Yard,Pune,1405,2026-06-23
tomato,Pune Market Yard,Pune,1388,2026-06-24
tomato,Pune Market Yard,Pune,1428,2026-06-25
tomato,Pune Market Yard,Pune,1427,2026-06-26
tomato,Pune Market Yard,Pune,1469,2026-06-27
tomato,Pune Market Yard,Pune,1513,2026-06-28
tomato,Pune Market Yard,Pune,1486,2026-06-29
tomato,Pune Market Yard,Pune,1533,2026-06-30
tomato,Pune Market Yard,Pune,1511,2026-07-01
tomato,Pune Market Yard,Pune,1532,2026-07-02
tomato,Pune Market Yard,Pune,1574,2026-07-03
tomato,Pune Market Yard,Pune,1614,2026-07-04
tomato,Pune Market Yard,Pune,1648,2026-07-05
tomato,Pune Market Yard,Pune,1656,2026-07-06
tomato,Pune Market Yard,Pune,1657,2026-07-07
tomato,Pune Market Yard,Pune,1651,2026-07-08
tomato,Pune Market Yard,Pune,1659,2026-07-09
tomato,Pune Market Yard,Pune,1657,2026-07-10
tomato,Pune Market Yard,Pune,1658,2026-07-11
tomato,Pune Market Yard,Pune,1676,2026-07-12
tomato,Pune Market Yard,Pune,1660,2026-07-13
tomato,Pune Market Yard,Pune,1666,2026-07-14
tomato,Pune Market Yard,Pune,1692,2026-07-15
tomato,Pune Market Yard,Pune,1700,2026-07-16
tomato,Pune Market Yard,Pune,1677,2026-07-17
tomato,Pune Market Yard,Pune,1646,2026-07-18
tomato,Pune Market Yard,Pune,1672,2026-07-19
tomato,Pune Market Yard,Pune,1719,2026-07-20
tomato,Pune Market Yard,Pune,1759,2026-07-21
tomato,Pune Market Yard,Pune,1739,2026-07-22
tomato,Pune Market Yard,Pune,1716,2026-07-23
tomato,Pune Market Yard,Pune,1752,2026-07-24
tomato,Pune Market Yard,Pune,1747,2026-07-25
tomato,Pune Market Yard,Pune,1779,2026-07-26
tomato,Pune Market Yard,Pune,1770,2026-07-27
tomato,Pune Market Yard,Pune,1744,2026-07-28
tomato,Pune Market Yard,Pune,1746,2026-07-29
tomato,Pune Market Yard,Pune,1712,2026-07-30
tomato,Pune Market Yard,Pune,1701,2026-07-31
tomato,Pune Market Yard,Pune,1706,2026-08-01
tomato,Pune Market Yard,Pune,1700,2026-08-02
tomato,Pune Market Yard,Pune,1678,2026-08-03
tomato,Pune Market Yard,Pune,1692,2026-08-04
tomato,Pune Market Yard,Pune,1719,2026-08-05
tomato,Pune Market Yard,Pune,1715,2026-08-06
tomato,Pune Market Yard,Pune,1751,2026-08-07
tomato,Pune Market Yard,Pune,1776,2026-08-08
tomato,Pune Market Yard,Pune,1735,2026-08-09
tomato,Pune Market Yard,Pune,1763,2026-08-10
tomato,Pune Market Yard,Pune,1759,2026-08-11
tomato,Pune Market Yard,Pune,1730,2026-08-12
tomato,Pune Market Yard,Pune,1705,2026-08-13
tomato,Pune Market Yard,Pune,1696,2026-08-14
tomato,Pune Market Yard,Pune,1668,2026-08-15
tomato,Pune Market Yard,Pune,1639,2026-08-16
tomato,Pune Market Yard,Pune,1667,2026-08-17
tomato,Pune Market Yard,Pune,1644,2026-08-18
tomato,Pune Market Yard,Pune,1636,2026-08-19
tomato,Pune Market Yard,Pune,1630,2026-08-20
tomato,Pune Market Yard,Pune,1665,2026-08-21
tomato,Pune Market Yard,Pune,1649,2026-08-22
cotton,Nashik APMC,Nashik,6800,2026-05-25
cotton,Nashik APMC,Nashik,6783,2026-05-26
cotton,Nashik APMC,Nashik,6773,2026-05-27
cotton,Nashik APMC,Nashik,6794,2026-05-28
cotton,Nashik APMC,Nashik,6813,2026-05-29
cotton,Nashik APMC,Nashik,6802,2026-05-30
cotton,Nashik APMC,Nashik,6765,2026-05-31
cotton,Nashik APMC,Nashik,6733,2026-06-01
cotton,Nashik APMC,Nashik,6744,2026-06-02
cotton,Nashik APMC,Nashik,6736,2026-06-03
cotton,Nashik APMC,Nashik,6698,2026-06-04
cotton,Nashik APMC,Nashik,6655,2026-06-05
cotton,Nashik APMC,Nashik,6654,2026-06-06
cotton,Nashik APMC,Nashik,6627,2026-06-07
cotton,Nashik APMC,Nashik,6617,2026-06-08
cotton,Nashik APMC,Nashik,6594,2026-06-09
cotton,Nashik APMC,Nashik,6607,2026-06-10
cotton,Nashik APMC,Nashik,6634,2026-06-11
cotton,Nashik APMC,Nashik,6645,2026-06-12
cotton,Nashik APMC,Nashik,6673,2026-06-13
cotton,Nashik APMC,Nashik,6631,2026-06-14
cotton,Nashik APMC,Nashik,6602,2026-06-15
cotton,Nashik APMC,Nashik,6568,2026-06-16
cotton,Nashik APMC,Nashik,6544,2026-06-17
cotton,Nashik APMC,Nashik,6570,2026-06-18
cotton,Nashik APMC,Nashik,6531,2026-06-19
cotton,Nashik APMC,Nashik,6535,2026-06-20
cotton,Nashik APMC,Nashik,6577,2026-06-21
cotton,Nashik APMC,Nashik,6615,2026-06-22
cotton,Nashik APMC,Nashik,6601,2026-06-23
cotton,Nashik APMC,Nashik,6624,2026-06-24
cotton,Nashik APMC,Nashik,6608,2026-06-25
cotton,Nashik APMC,Nashik,6581,2026-06-26
cotton,Nashik APMC,Nashik,6588,2026-06-27
cotton,Nashik APMC,Nashik,6602,2026-06-28
cotton,Nashik APMC,Nashik,6575,2026-06-29
cotton,Nashik APMC,Nashik,6588,2026-06-30
cotton,Nashik APMC,Nashik,6582,2026-07-01
cotton,Nashik APMC,Nashik,6581,2026-07-02
cotton,Nashik APMC,Nashik,6562,2026-07-03
cotton,Nashik APMC,Nashik,6575,2026-07-04
cotton,Nashik APMC,Nashik,6614,2026-07-05
cotton,Nashik APMC,Nashik,6634,2026-07-06
cotton,Nashik APMC,Nashik,6681,2026-07-07
cotton,Nashik APMC,Nashik,6668,2026-07-08
cotton,Nashik APMC,Nashik,6666,2026-07-09
cotton,Nashik APMC,Nashik,6654,2026-07-10
cotton,Nashik APMC,Nashik,6644,2026-07-11
cotton,Nashik APMC,Nashik,6664,2026-07-12
cotton,Nashik APMC,Nashik,6635,2026-07-13
cotton,Nashik APMC,Nashik,6625,2026-07-14
cotton,Nashik APMC,Nashik,6635,2026-07-15
cotton,Nashik APMC,Nashik,6655,2026-07-16
cotton,Nashik APMC,Nashik,6654,2026-07-17
cotton,Nashik APMC,Nashik,6656,2026-07-18
cotton,Nashik APMC,Nashik,6644,2026-07-19
cotton,Nashik APMC,Nashik,6625,2026-07-20
cotton,Nashik APMC,Nashik,6641,2026-07-21
cotton,Nashik APMC,Nashik,6613,2026-07-22
cotton,Nashik APMC,Nashik,6641,2026-07-23
cotton,Nashik APMC,Nashik,6637,2026-07-24
cotton,Nashik APMC,Nashik,6630,2026-07-25
cotton,Nashik APMC,Nashik,6656,2026-07-26
cotton,Nashik APMC,Nashik,6658,2026-07-27
cotton,Nashik APMC,Nashik,6655,2026-07-28
cotton,Nashik APMC,Nashik,6642,2026-07-29
cotton,Nashik APMC,Nashik,6628,2026-07-30
cotton,Nashik APMC,Nashik,6589,2026-07-31
cotton,Nashik APMC,Nashik,6571,2026-08-01
cotton,Nashik APMC,Nashik,6580,2026-08-02
cotton,Nashik APMC,Nashik,6580,2026-08-03
cotton,Nashik APMC,Nashik,6573,2026-08-04
cotton,Nashik APMC,Nashik,6539,2026-08-05
cotton,Nashik APMC,Nashik,6532,2026-08-06
cotton,Nashik APMC,Nashik,6534,2026-08-07
cotton,Nashik APMC,Nashik,6557,2026-08-08
cotton,Nashik APMC,Nashik,6566,2026-08-09
cotton,Nashik APMC,Nashik,6592,2026-08-10
cotton,Nashik APMC,Nashik,6592,2026-08-11
cotton,Nashik APMC,Nashik,6553,2026-08-12
cotton,Nashik APMC,Nashik,6525,2026-08-13
cotton,Nashik APMC,Nashik,6516,2026-08-14
cotton,Nashik APMC,Nashik,6496,2026-08-15
cotton,Nashik APMC,Nashik,6528,2026-08-16
cotton,Nashik APMC,Nashik,6519,2026-08-17
cotton,Nashik APMC,Nashik,6481,2026-08-18
cotton,Nashik APMC,Nashik,6452,2026-08-19
cotton,Nashik APMC,Nashik,6486,2026-08-20
cotton,Nashik APMC,Nashik,6499,2026-08-21
cotton,Nashik APMC,Nashik,6501,2026-08-22
cotton,Pune Market Yard,Pune,6797,2026-05-25
cotton,Pune Market Yard,Pune,6809,2026-05-26
cotton,Pune Market Yard,Pune,6843,2026-05-27
cotton,Pune Market Yard,Pune,6865,2026-05-28
cotton,Pune Market Yard,Pune,6836,2026-05-29
cotton,Pune Market Yard,Pune,6842,2026-05-30
cotton,Pune Market Yard,Pune,6872,2026-05-31
cotton,Pune Market Yard,Pune,6853,2026-06-01
cotton,Pune Market Yard,Pune,6842,2026-06-02
cotton,Pune Market Yard,Pune,6804,2026-06-03
cotton,Pune Market Yard,Pune,6816,2026-06-04
cotton,Pune Market Yard,Pune,6773,2026-06-05
cotton,Pune Market Yard,Pune,6796,2026-06-06
cotton,Pune Market Yard,Pune,6821,2026-06-07
cotton,Pune Market Yard,Pune,6803,2026-06-08
cotton,Pune Market Yard,Pune,6806,2026-06-09
cotton,Pune Market Yard,Pune,6818,2026-06-10
cotton,Pune Market Yard,Pune,6783,2026-06-11
cotton,Pune Market Yard,Pune,6782,2026-06-12
cotton,Pune Market Yard,Pune,6818,2026-06-13
cotton,Pune Market Yard,Pune,6815,2026-06-14
cotton,Pune Market Yard,Pune,6787,2026-06-15
cotton,Pune Market Yard,Pune,6782,2026-06-16
cotton,Pune Market Yard,Pune,6803,2026-06-17
cotton,Pune Market Yard,Pune,6799,2026-06-18
cotton,Pune Market Yard,Pune,6808,2026-06-19
cotton,Pune Market Yard,Pune,6806,2026-06-20
cotton,Pune Market Yard,Pune,6825,2026-06-21
cotton,Pune Market Yard,Pune,6830,2026-06-22
cotton,Pune Market Yard,Pune,6868,2026-06-23
cotton,Pune Market Yard,Pune,6852,2026-06-24
cotton,Pune Market Yard,Pune,6844,2026-06-25
cotton,Pune Market Yard,Pune,6865,2026-06-26
cotton,Pune Market Yard,Pune,6881,2026-06-27
cotton,Pune Market Yard,Pune,6871,2026-06-28
cotton,Pune Market Yard,Pune,6917,2026-06-29
cotton,Pune Market Yard,Pune,6957,2026-06-30
cotton,Pune Market Yard,Pune,6963,2026-07-01
cotton,Pune Market Yard,Pune,6982,2026-07-02
cotton,Pune Market Yard,Pune,7020,2026-07-03
cotton,Pune Market Yard,Pune,6988,2026-07-04
cotton,Pune Market Yard,Pune,6994,2026-07-05
cotton,Pune Market Yard,Pune,6998,2026-07-06
cotton,Pune Market Yard,Pune,6992,2026-07-07
cotton,Pune Market Yard,Pune,7015,2026-07-08
cotton,Pune Market Yard,Pune,7057,2026-07-09
cotton,Pune Market Yard,Pune,7102,2026-07-10
cotton,Pune Market Yard,Pune,7111,2026-07-11
cotton,Pune Market Yard,Pune,7138,2026-07-12
cotton,Pune Market Yard,Pune,7162,2026-07-13
cotton,Pune Market Yard,Pune,7186,2026-07-14
cotton,Pune Market Yard,Pune,7181,2026-07-15
cotton,Pune Market Yard,Pune,7214,2026-07-16
cotton,Pune Market Yard,Pune,7242,2026-07-17
cotton,Pune Market Yard,Pune,7231,2026-07-18
cotton,Pune Market Yard,Pune,7209,2026-07-19
cotton,Pune Market Yard,Pune,7213,2026-07-20
cotton,Pune Market Yard,Pune,7246,2026-07-21
cotton,Pune Market Yard,Pune,7293,2026-07-22
cotton,Pune Market Yard,Pune,7303,2026-07-23
cotton,Pune Market Yard,Pune,7282,2026-07-24
cotton,Pune Market Yard,Pune,7280,2026-07-25
cotton,Pune Market Yard,Pune,7287,2026-07-26
cotton,Pune Market Yard,Pune,7273,2026-07-27
cotton,Pune Market Yard,Pune,7256,2026-07-28
cotton,Pune Market Yard,Pune,7232,2026-07-29
cotton,Pune Market Yard,Pune,7193,2026-07-30
cotton,Pune Market Yard,Pune,7156,2026-07-31
cotton,Pune Market Yard,Pune,7145,2026-08-01
cotton,Pune Market Yard,Pune,7163,2026-08-02
cotton,Pune Market Yard,Pune,7199,2026-08-03
cotton,Pune Market Yard,Pune,7166,2026-08-04
cotton,Pune Market Yard,Pune,7182,2026-08-05
cotton,Pune Market Yard,Pune,7193,2026-08-06
cotton,Pune Market Yard,Pune,7231,2026-08-07
cotton,Pune Market Yard,Pune,7262,2026-08-08
cotton,Pune Market Yard,Pune,7244,2026-08-09
cotton,Pune Market Yard,Pune,7251,2026-08-10
cotton,Pune Market Yard,Pune,7272,2026-08-11
cotton,Pune Market Yard,Pune,7281,2026-08-12
cotton,Pune Market Yard,Pune,7270,2026-08-13
cotton,Pune Market Yard,Pune,7246,2026-08-14
cotton,Pune Market Yard,Pune,7204,2026-08-15
cotton,Pune Market Yard,Pune,7175,2026-08-16
cotton,Pune Market Yard,Pune,7187,2026-08-17
cotton,Pune Market Yard,Pune,7173,2026-08-18
cotton,Pune Market Yard,Pune,7153,2026-08-19
cotton,Pune Market Yard,Pune,7177,2026-08-20
cotton,Pune Market Yard,Pune,7194,2026-08-21
cotton,Pune Market Yard,Pune,7158,2026-08-22
